hometeam,awayteam,hometeamodds_dk,awayteamodds_dk,ou
CIN,ARI,0.46938775521032905,0.530612244789671,6.5
MIN,SEA,0.9433526008070834,0.05664739919291657,11.5
COL,SF,0.44855888659916276,0.5514411134008372,9.5
NYY,HOU,0.5514411134008372,0.4485588865991628,8.0
CWS,CLE,0.4279403650712972,0.5720596349287028,8.0
MIL,STL,0.43650793764630424,0.5634920623536958,7.5
LAA,KC,0.48916576318717286,0.5108342368128271,8.5
