hometeam,awayteam,hometeamodds_dk,awayteamodds_dk,ou
CIN,ARI,0.5324675324675324,0.4675324675324676,9.0
MIN,SEA,0.5427435386594943,0.4572564613405057,6.5
COL,SF,0.40663024724038055,0.5933697527596195,9.5
NYY,HOU,0.5427435386594943,0.4572564613405057,8.5
CWS,CLE,0.40036122839240407,0.5996387716075959,7.5
MIL,STL,0.4572564613405057,0.5427435386594943,8.0
LAA,KC,0.4782608704725898,0.5217391295274102,8.5
