hometeam,awayteam,hometeamodds_dk,awayteamodds_dk,ou
CIN,ARI,0.5324675324675324,0.4675324675324676,9.0
MIN,SEA,0.5427435386594943,0.4572564613405057,6.5
COL,SF,0.40663024724038055,0.5933697527596195,9.5
NYY,HOU,0.5514411134008372,0.4485588865991628,8.5
CWS,CLE,0.4170073603834652,0.5829926396165348,7.5
MIL,STL,0.4675324675324676,0.5324675324675324,8.0
LAA,KC,0.4826358742776059,0.5173641257223941,8.5
